ID,Nom,Prénom,Date de Naissance,Date de décès,Nationalité,Sexe,ID père,ID mère
0,Marques,Roger,1920-01-06,2008-12-14,France,M,,
1,Bodin,Lucie,1921-09-12,2011-08-21,France,F,,
2,Rossi,Tristan,1913-05-19,1961-05-07,France,M,,
3,Fernandez,Susanne,1914-11-04,2000-10-13,France,F,,
4,Marques,Léon,1947-02-26,,France,M,0,1
5,Rossi,Suzanne,1957-05-23,,France,F,2,3
6,Chauveau,Laurent,1929-05-15,2017-04-23,France,M,,
7,Fabre,Élise,1931-11-11,,France,F,,
8,Dubois,Laurent,1912-03-17,2001-02-23,France,M,,
9,Joly,Maryse,1913-10-25,1986-10-07,France,F,,
10,Chauveau,Guy,1959-12-05,,France,M,6,7
11,Dubois,Jeanne,1962-06-08,,France,F,8,9
12,Chauveau,Marianne,2001-04-29,,France,F,10,11
13,Chauveau,Léon,2016-10-02,,France,M,10,11
14,Chauveau,Bertrand,2013-03-11,,France,M,10,11
15,Chauveau,François,2016-05-31,,France,M,10,11
16,Lévêque,Martin,1936-05-17,,France,M,,
17,Traore,Noémi,1938-08-22,,France,F,,
18,Gonzalez,Eugène,1904-01-16,1986-12-26,France,M,,
19,Fleury,Astrid,1905-11-20,1955-11-08,France,F,,
20,Lévêque,Henri,1961-04-14,,France,M,16,17
21,Gonzalez,Michèle,1943-06-26,,France,F,18,19
22,Gallet,William,1934-07-27,2004-07-09,France,M,,
23,Guyon,Nathalie,1936-11-03,,France,F,,
24,Fleury,André,1917-08-14,1992-07-26,France,M,,
25,Rossi,Claire,1919-04-07,1986-03-21,France,F,,
26,Gallet,Guillaume,1956-01-05,,France,M,22,23
27,Fleury,Dorothée,1965-09-05,,France,F,24,25
28,Gallet,Marc,1994-06-28,,France,M,26,27
29,Gallet,Olivier,2014-12-17,,France,M,26,27
30,Leconte,Thibaut,1946-05-15,,France,M,,
31,Fernandes,Louise,1948-02-10,,France,F,,
32,Mendès,Xavier,1920-08-13,2001-07-24,France,M,,
33,Rémy,Laurence,1922-08-26,1972-08-13,France,F,,
34,Leconte,Raymond,1974-10-02,,France,M,30,31
35,Mendès,Margot,1970-02-17,,France,F,32,33
36,Leconte,Sylvie,1996-12-27,,France,F,34,35
100,Doe,John,1940-01-01,,Américaine,M,0,3
